{  
   "package":[  
      {  
         "type":"package",
         "version":"0.01--prerelease",
         "username":"test",
         "name":"calypso",
         "bundlename":"test/calypso"
      }
   ],
   "assets":[  
      {  
         "type":"asset",
         "version":"0.01--prerelease",
         "username":"test",
         "name":"cat",
         "bundlename":"test/cat"
      },
      {  
         "type":"asset",
         "version":"0.01--prerelease",
         "username":"test",
         "name":"saucer_of_milk",
         "bundlename":"test/saucer_of_milk"
      }
   ],

}